dataset,method,codec,component,bytes,MiB
boost,Move-r,raw,size_index,1531035,1.460
boost,Move-r,raw,serialized_index_file,1596195,1.522
boost,Move-r-RLZ,raw,size_index,5705349,5.441
boost,Move-r-RLZ,raw,size_r,1279580,1.220
boost,Move-r-RLZ,raw,serialized_index_file,5770286,5.503
boost,Move-r-LZEnd,raw,size_index,1943369,1.853
boost,Move-r-LZEnd,raw,serialized_index_file,2007586,1.915
boost,Adaptive-Mixed@25%-raw,raw,size_index,8212215,7.832
boost,Adaptive-Mixed@25%-raw,raw,size_r,1065432,1.016
boost,Adaptive-Mixed@25%-raw,raw,size_partial_offsets,614408,0.586
boost,Adaptive-Mixed@25%-raw,raw,size_partial_offsets_varint,153602,0.146
boost,Adaptive-Mixed@25%-raw,raw,size_partial_copy_offsets,614408,0.586
boost,Adaptive-Mixed@25%-raw,raw,size_partial_copy_offsets_varint,153602,0.146
boost,Adaptive-Mixed@25%-raw,raw,size_partial_literal_offsets,614408,0.586
boost,Adaptive-Mixed@25%-raw,raw,size_partial_literal_offsets_varint,153602,0.146
boost,Adaptive-Mixed@25%-raw,raw,size_partial_block_ids,614404,0.586
boost,Adaptive-Mixed@25%-raw,raw,size_partial_block_ids_varint,154302,0.147
boost,Adaptive-Mixed@25%-raw,raw,size_partial_pt,337938,0.322
boost,Adaptive-Mixed@25%-raw,raw,size_partial_pt_bitvector,42243,0.040
boost,Adaptive-Mixed@25%-raw,raw,size_partial_cpl,527200,0.503
boost,Adaptive-Mixed@25%-raw,raw,size_partial_cpl_varint,498794,0.476
boost,Adaptive-Mixed@25%-raw,raw,size_partial_sr,1054400,1.006
boost,Adaptive-Mixed@25%-raw,raw,size_partial_sr_varint,565027,0.539
boost,Adaptive-Mixed@25%-raw,raw,size_partial_lp,297352,0.284
boost,Adaptive-Mixed@25%-raw,raw,size_hybrid_m_phim1,707750,0.675
boost,Adaptive-Mixed@25%-raw,raw,serialized_index_file,7397770,7.055
boost,Adaptive-Mixed@25%-varint-v2,varint-v2,size_index,8212215,7.832
boost,Adaptive-Mixed@25%-varint-v2,varint-v2,size_r,1065432,1.016
boost,Adaptive-Mixed@25%-varint-v2,varint-v2,size_partial_offsets,614408,0.586
boost,Adaptive-Mixed@25%-varint-v2,varint-v2,size_partial_offsets_varint,153602,0.146
boost,Adaptive-Mixed@25%-varint-v2,varint-v2,size_partial_copy_offsets,614408,0.586
boost,Adaptive-Mixed@25%-varint-v2,varint-v2,size_partial_copy_offsets_varint,153602,0.146
boost,Adaptive-Mixed@25%-varint-v2,varint-v2,size_partial_literal_offsets,614408,0.586
boost,Adaptive-Mixed@25%-varint-v2,varint-v2,size_partial_literal_offsets_varint,153602,0.146
boost,Adaptive-Mixed@25%-varint-v2,varint-v2,size_partial_block_ids,614404,0.586
boost,Adaptive-Mixed@25%-varint-v2,varint-v2,size_partial_block_ids_varint,154302,0.147
boost,Adaptive-Mixed@25%-varint-v2,varint-v2,size_partial_pt,337938,0.322
boost,Adaptive-Mixed@25%-varint-v2,varint-v2,size_partial_pt_bitvector,42243,0.040
boost,Adaptive-Mixed@25%-varint-v2,varint-v2,size_partial_cpl,527200,0.503
boost,Adaptive-Mixed@25%-varint-v2,varint-v2,size_partial_cpl_varint,498794,0.476
boost,Adaptive-Mixed@25%-varint-v2,varint-v2,size_partial_sr,1054400,1.006
boost,Adaptive-Mixed@25%-varint-v2,varint-v2,size_partial_sr_varint,565027,0.539
boost,Adaptive-Mixed@25%-varint-v2,varint-v2,size_partial_lp,297352,0.284
boost,Adaptive-Mixed@25%-varint-v2,varint-v2,size_hybrid_m_phim1,707750,0.675
boost,Adaptive-Mixed@25%-varint-v2,varint-v2,serialized_index_file,4741838,4.522
boost,Adaptive-Mixed@12.5%-raw,raw,size_index,5715911,5.451
boost,Adaptive-Mixed@12.5%-raw,raw,size_r,1031388,0.984
boost,Adaptive-Mixed@12.5%-raw,raw,size_partial_offsets,307208,0.293
boost,Adaptive-Mixed@12.5%-raw,raw,size_partial_offsets_varint,76802,0.073
boost,Adaptive-Mixed@12.5%-raw,raw,size_partial_copy_offsets,307208,0.293
boost,Adaptive-Mixed@12.5%-raw,raw,size_partial_copy_offsets_varint,76802,0.073
boost,Adaptive-Mixed@12.5%-raw,raw,size_partial_literal_offsets,307208,0.293
boost,Adaptive-Mixed@12.5%-raw,raw,size_partial_literal_offsets_varint,76802,0.073
boost,Adaptive-Mixed@12.5%-raw,raw,size_partial_block_ids,307204,0.293
boost,Adaptive-Mixed@12.5%-raw,raw,size_partial_block_ids_varint,77101,0.074
boost,Adaptive-Mixed@12.5%-raw,raw,size_partial_pt,161948,0.154
boost,Adaptive-Mixed@12.5%-raw,raw,size_partial_pt_bitvector,20244,0.019
boost,Adaptive-Mixed@12.5%-raw,raw,size_partial_cpl,250524,0.239
boost,Adaptive-Mixed@12.5%-raw,raw,size_partial_cpl_varint,238305,0.227
boost,Adaptive-Mixed@12.5%-raw,raw,size_partial_sr,501048,0.478
boost,Adaptive-Mixed@12.5%-raw,raw,size_partial_sr_varint,267232,0.255
boost,Adaptive-Mixed@12.5%-raw,raw,size_partial_lp,146744,0.140
boost,Adaptive-Mixed@12.5%-raw,raw,size_hybrid_m_phim1,707750,0.675
boost,Adaptive-Mixed@12.5%-raw,raw,serialized_index_file,4978300,4.748
boost,Adaptive-Mixed@12.5%-varint-v2,varint-v2,size_index,5715911,5.451
boost,Adaptive-Mixed@12.5%-varint-v2,varint-v2,size_r,1031388,0.984
boost,Adaptive-Mixed@12.5%-varint-v2,varint-v2,size_partial_offsets,307208,0.293
boost,Adaptive-Mixed@12.5%-varint-v2,varint-v2,size_partial_offsets_varint,76802,0.073
boost,Adaptive-Mixed@12.5%-varint-v2,varint-v2,size_partial_copy_offsets,307208,0.293
boost,Adaptive-Mixed@12.5%-varint-v2,varint-v2,size_partial_copy_offsets_varint,76802,0.073
boost,Adaptive-Mixed@12.5%-varint-v2,varint-v2,size_partial_literal_offsets,307208,0.293
boost,Adaptive-Mixed@12.5%-varint-v2,varint-v2,size_partial_literal_offsets_varint,76802,0.073
boost,Adaptive-Mixed@12.5%-varint-v2,varint-v2,size_partial_block_ids,307204,0.293
boost,Adaptive-Mixed@12.5%-varint-v2,varint-v2,size_partial_block_ids_varint,77101,0.074
boost,Adaptive-Mixed@12.5%-varint-v2,varint-v2,size_partial_pt,161948,0.154
boost,Adaptive-Mixed@12.5%-varint-v2,varint-v2,size_partial_pt_bitvector,20244,0.019
boost,Adaptive-Mixed@12.5%-varint-v2,varint-v2,size_partial_cpl,250524,0.239
boost,Adaptive-Mixed@12.5%-varint-v2,varint-v2,size_partial_cpl_varint,238305,0.227
boost,Adaptive-Mixed@12.5%-varint-v2,varint-v2,size_partial_sr,501048,0.478
boost,Adaptive-Mixed@12.5%-varint-v2,varint-v2,size_partial_sr_varint,267232,0.255
boost,Adaptive-Mixed@12.5%-varint-v2,varint-v2,size_partial_lp,146744,0.140
boost,Adaptive-Mixed@12.5%-varint-v2,varint-v2,size_hybrid_m_phim1,707750,0.675
boost,Adaptive-Mixed@12.5%-varint-v2,varint-v2,serialized_index_file,3669302,3.499
einstein.en.txt,Move-r,raw,size_index,6644230,6.336
einstein.en.txt,Move-r,raw,serialized_index_file,7091303,6.763
einstein.en.txt,Move-r-RLZ,raw,size_index,22755274,21.701
einstein.en.txt,Move-r-RLZ,raw,size_r,6023024,5.744
einstein.en.txt,Move-r-RLZ,raw,serialized_index_file,23202124,22.127
einstein.en.txt,Move-r-LZEnd,raw,size_index,8281306,7.898
einstein.en.txt,Move-r-LZEnd,raw,serialized_index_file,8727436,8.323
einstein.en.txt,Adaptive-Mixed@25%-raw,raw,size_index,21839468,20.828
einstein.en.txt,Adaptive-Mixed@25%-raw,raw,size_r,5577828,5.319
einstein.en.txt,Adaptive-Mixed@25%-raw,raw,size_partial_offsets,456672,0.436
einstein.en.txt,Adaptive-Mixed@25%-raw,raw,size_partial_offsets_varint,114306,0.109
einstein.en.txt,Adaptive-Mixed@25%-raw,raw,size_partial_copy_offsets,456672,0.436
einstein.en.txt,Adaptive-Mixed@25%-raw,raw,size_partial_copy_offsets_varint,114169,0.109
einstein.en.txt,Adaptive-Mixed@25%-raw,raw,size_partial_literal_offsets,456672,0.436
einstein.en.txt,Adaptive-Mixed@25%-raw,raw,size_partial_literal_offsets_varint,114299,0.109
einstein.en.txt,Adaptive-Mixed@25%-raw,raw,size_partial_block_ids,456668,0.436
einstein.en.txt,Adaptive-Mixed@25%-raw,raw,size_partial_block_ids_varint,114824,0.110
einstein.en.txt,Adaptive-Mixed@25%-raw,raw,size_partial_pt,828223,0.790
einstein.en.txt,Adaptive-Mixed@25%-raw,raw,size_partial_pt_bitvector,103528,0.099
einstein.en.txt,Adaptive-Mixed@25%-raw,raw,size_partial_cpl,853640,0.814
einstein.en.txt,Adaptive-Mixed@25%-raw,raw,size_partial_cpl_varint,665234,0.634
einstein.en.txt,Adaptive-Mixed@25%-raw,raw,size_partial_sr,1707280,1.628
einstein.en.txt,Adaptive-Mixed@25%-raw,raw,size_partial_sr_varint,1134709,1.082
einstein.en.txt,Adaptive-Mixed@25%-raw,raw,size_partial_lp,1605612,1.531
einstein.en.txt,Adaptive-Mixed@25%-raw,raw,size_hybrid_m_phim1,2786429,2.657
einstein.en.txt,Adaptive-Mixed@25%-raw,raw,serialized_index_file,19785616,18.869
einstein.en.txt,Adaptive-Mixed@25%-varint-v2,varint-v2,size_index,21839468,20.828
einstein.en.txt,Adaptive-Mixed@25%-varint-v2,varint-v2,size_r,5577828,5.319
einstein.en.txt,Adaptive-Mixed@25%-varint-v2,varint-v2,size_partial_offsets,456672,0.436
einstein.en.txt,Adaptive-Mixed@25%-varint-v2,varint-v2,size_partial_offsets_varint,114306,0.109
einstein.en.txt,Adaptive-Mixed@25%-varint-v2,varint-v2,size_partial_copy_offsets,456672,0.436
einstein.en.txt,Adaptive-Mixed@25%-varint-v2,varint-v2,size_partial_copy_offsets_varint,114169,0.109
einstein.en.txt,Adaptive-Mixed@25%-varint-v2,varint-v2,size_partial_literal_offsets,456672,0.436
einstein.en.txt,Adaptive-Mixed@25%-varint-v2,varint-v2,size_partial_literal_offsets_varint,114299,0.109
einstein.en.txt,Adaptive-Mixed@25%-varint-v2,varint-v2,size_partial_block_ids,456668,0.436
einstein.en.txt,Adaptive-Mixed@25%-varint-v2,varint-v2,size_partial_block_ids_varint,114824,0.110
einstein.en.txt,Adaptive-Mixed@25%-varint-v2,varint-v2,size_partial_pt,828223,0.790
einstein.en.txt,Adaptive-Mixed@25%-varint-v2,varint-v2,size_partial_pt_bitvector,103528,0.099
einstein.en.txt,Adaptive-Mixed@25%-varint-v2,varint-v2,size_partial_cpl,853640,0.814
einstein.en.txt,Adaptive-Mixed@25%-varint-v2,varint-v2,size_partial_cpl_varint,665234,0.634
einstein.en.txt,Adaptive-Mixed@25%-varint-v2,varint-v2,size_partial_sr,1707280,1.628
einstein.en.txt,Adaptive-Mixed@25%-varint-v2,varint-v2,size_partial_sr_varint,1134709,1.082
einstein.en.txt,Adaptive-Mixed@25%-varint-v2,varint-v2,size_partial_lp,1605612,1.531
einstein.en.txt,Adaptive-Mixed@25%-varint-v2,varint-v2,size_hybrid_m_phim1,2786429,2.657
einstein.en.txt,Adaptive-Mixed@25%-varint-v2,varint-v2,serialized_index_file,16930920,16.147
einstein.en.txt,Adaptive-Mixed@12.5%-raw,raw,size_index,18004128,17.170
einstein.en.txt,Adaptive-Mixed@12.5%-raw,raw,size_r,5429012,5.178
einstein.en.txt,Adaptive-Mixed@12.5%-raw,raw,size_partial_offsets,228340,0.218
einstein.en.txt,Adaptive-Mixed@12.5%-raw,raw,size_partial_offsets_varint,57099,0.054
einstein.en.txt,Adaptive-Mixed@12.5%-raw,raw,size_partial_copy_offsets,228340,0.218
einstein.en.txt,Adaptive-Mixed@12.5%-raw,raw,size_partial_copy_offsets_varint,57085,0.054
einstein.en.txt,Adaptive-Mixed@12.5%-raw,raw,size_partial_literal_offsets,228340,0.218
einstein.en.txt,Adaptive-Mixed@12.5%-raw,raw,size_partial_literal_offsets_varint,57096,0.054
einstein.en.txt,Adaptive-Mixed@12.5%-raw,raw,size_partial_block_ids,228336,0.218
einstein.en.txt,Adaptive-Mixed@12.5%-raw,raw,size_partial_block_ids_varint,57853,0.055
einstein.en.txt,Adaptive-Mixed@12.5%-raw,raw,size_partial_pt,364979,0.348
einstein.en.txt,Adaptive-Mixed@12.5%-raw,raw,size_partial_pt_bitvector,45623,0.044
einstein.en.txt,Adaptive-Mixed@12.5%-raw,raw,size_partial_cpl,424368,0.405
einstein.en.txt,Adaptive-Mixed@12.5%-raw,raw,size_partial_cpl_varint,330528,0.315
einstein.en.txt,Adaptive-Mixed@12.5%-raw,raw,size_partial_sr,848736,0.809
einstein.en.txt,Adaptive-Mixed@12.5%-raw,raw,size_partial_sr_varint,563191,0.537
einstein.en.txt,Adaptive-Mixed@12.5%-raw,raw,size_partial_lp,611180,0.583
einstein.en.txt,Adaptive-Mixed@12.5%-raw,raw,size_hybrid_m_phim1,2786429,2.657
einstein.en.txt,Adaptive-Mixed@12.5%-raw,raw,serialized_index_file,15977980,15.238
einstein.en.txt,Adaptive-Mixed@12.5%-varint-v2,varint-v2,size_index,18004128,17.170
einstein.en.txt,Adaptive-Mixed@12.5%-varint-v2,varint-v2,size_r,5429012,5.178
einstein.en.txt,Adaptive-Mixed@12.5%-varint-v2,varint-v2,size_partial_offsets,228340,0.218
einstein.en.txt,Adaptive-Mixed@12.5%-varint-v2,varint-v2,size_partial_offsets_varint,57099,0.054
einstein.en.txt,Adaptive-Mixed@12.5%-varint-v2,varint-v2,size_partial_copy_offsets,228340,0.218
einstein.en.txt,Adaptive-Mixed@12.5%-varint-v2,varint-v2,size_partial_copy_offsets_varint,57085,0.054
einstein.en.txt,Adaptive-Mixed@12.5%-varint-v2,varint-v2,size_partial_literal_offsets,228340,0.218
einstein.en.txt,Adaptive-Mixed@12.5%-varint-v2,varint-v2,size_partial_literal_offsets_varint,57096,0.054
einstein.en.txt,Adaptive-Mixed@12.5%-varint-v2,varint-v2,size_partial_block_ids,228336,0.218
einstein.en.txt,Adaptive-Mixed@12.5%-varint-v2,varint-v2,size_partial_block_ids_varint,57853,0.055
einstein.en.txt,Adaptive-Mixed@12.5%-varint-v2,varint-v2,size_partial_pt,364979,0.348
einstein.en.txt,Adaptive-Mixed@12.5%-varint-v2,varint-v2,size_partial_pt_bitvector,45623,0.044
einstein.en.txt,Adaptive-Mixed@12.5%-varint-v2,varint-v2,size_partial_cpl,424368,0.405
einstein.en.txt,Adaptive-Mixed@12.5%-varint-v2,varint-v2,size_partial_cpl_varint,330528,0.315
einstein.en.txt,Adaptive-Mixed@12.5%-varint-v2,varint-v2,size_partial_sr,848736,0.809
einstein.en.txt,Adaptive-Mixed@12.5%-varint-v2,varint-v2,size_partial_sr_varint,563191,0.537
einstein.en.txt,Adaptive-Mixed@12.5%-varint-v2,varint-v2,size_partial_lp,611180,0.583
einstein.en.txt,Adaptive-Mixed@12.5%-varint-v2,varint-v2,size_hybrid_m_phim1,2786429,2.657
einstein.en.txt,Adaptive-Mixed@12.5%-varint-v2,varint-v2,serialized_index_file,14595078,13.919
SARS-Cov-2_40,Move-r,raw,size_index,3253592,3.103
SARS-Cov-2_40,Move-r,raw,serialized_index_file,3478259,3.317
SARS-Cov-2_40,Move-r-RLZ,raw,size_index,8643645,8.243
SARS-Cov-2_40,Move-r-RLZ,raw,size_r,3037148,2.896
SARS-Cov-2_40,Move-r-RLZ,raw,serialized_index_file,8868089,8.457
SARS-Cov-2_40,Move-r-LZEnd,raw,size_index,4292228,4.093
SARS-Cov-2_40,Move-r-LZEnd,raw,serialized_index_file,4515952,4.307
SARS-Cov-2_40,Adaptive-Mixed@25%-raw,raw,size_index,8637080,8.237
SARS-Cov-2_40,Adaptive-Mixed@25%-raw,raw,size_r,2646516,2.524
SARS-Cov-2_40,Adaptive-Mixed@25%-raw,raw,size_partial_offsets,40968,0.039
SARS-Cov-2_40,Adaptive-Mixed@25%-raw,raw,size_partial_offsets_varint,10374,0.010
SARS-Cov-2_40,Adaptive-Mixed@25%-raw,raw,size_partial_copy_offsets,40968,0.039
SARS-Cov-2_40,Adaptive-Mixed@25%-raw,raw,size_partial_copy_offsets_varint,10266,0.010
SARS-Cov-2_40,Adaptive-Mixed@25%-raw,raw,size_partial_literal_offsets,40968,0.039
SARS-Cov-2_40,Adaptive-Mixed@25%-raw,raw,size_partial_literal_offsets_varint,10306,0.010
SARS-Cov-2_40,Adaptive-Mixed@25%-raw,raw,size_partial_block_ids,40964,0.039
SARS-Cov-2_40,Adaptive-Mixed@25%-raw,raw,size_partial_block_ids_varint,10269,0.010
SARS-Cov-2_40,Adaptive-Mixed@25%-raw,raw,size_partial_pt,240309,0.229
SARS-Cov-2_40,Adaptive-Mixed@25%-raw,raw,size_partial_pt_bitvector,30039,0.029
SARS-Cov-2_40,Adaptive-Mixed@25%-raw,raw,size_partial_cpl,292522,0.279
SARS-Cov-2_40,Adaptive-Mixed@25%-raw,raw,size_partial_cpl_varint,168712,0.161
SARS-Cov-2_40,Adaptive-Mixed@25%-raw,raw,size_partial_sr,585044,0.558
SARS-Cov-2_40,Adaptive-Mixed@25%-raw,raw,size_partial_sr_varint,373459,0.356
SARS-Cov-2_40,Adaptive-Mixed@25%-raw,raw,size_partial_lp,376192,0.359
SARS-Cov-2_40,Adaptive-Mixed@25%-raw,raw,size_hybrid_m_phim1,1322759,1.261
SARS-Cov-2_40,Adaptive-Mixed@25%-raw,raw,serialized_index_file,7929538,7.562
SARS-Cov-2_40,Adaptive-Mixed@25%-varint-v2,varint-v2,size_index,8637080,8.237
SARS-Cov-2_40,Adaptive-Mixed@25%-varint-v2,varint-v2,size_r,2646516,2.524
SARS-Cov-2_40,Adaptive-Mixed@25%-varint-v2,varint-v2,size_partial_offsets,40968,0.039
SARS-Cov-2_40,Adaptive-Mixed@25%-varint-v2,varint-v2,size_partial_offsets_varint,10374,0.010
SARS-Cov-2_40,Adaptive-Mixed@25%-varint-v2,varint-v2,size_partial_copy_offsets,40968,0.039
SARS-Cov-2_40,Adaptive-Mixed@25%-varint-v2,varint-v2,size_partial_copy_offsets_varint,10266,0.010
SARS-Cov-2_40,Adaptive-Mixed@25%-varint-v2,varint-v2,size_partial_literal_offsets,40968,0.039
SARS-Cov-2_40,Adaptive-Mixed@25%-varint-v2,varint-v2,size_partial_literal_offsets_varint,10306,0.010
SARS-Cov-2_40,Adaptive-Mixed@25%-varint-v2,varint-v2,size_partial_block_ids,40964,0.039
SARS-Cov-2_40,Adaptive-Mixed@25%-varint-v2,varint-v2,size_partial_block_ids_varint,10269,0.010
SARS-Cov-2_40,Adaptive-Mixed@25%-varint-v2,varint-v2,size_partial_pt,240309,0.229
SARS-Cov-2_40,Adaptive-Mixed@25%-varint-v2,varint-v2,size_partial_pt_bitvector,30039,0.029
SARS-Cov-2_40,Adaptive-Mixed@25%-varint-v2,varint-v2,size_partial_cpl,292522,0.279
SARS-Cov-2_40,Adaptive-Mixed@25%-varint-v2,varint-v2,size_partial_cpl_varint,168712,0.161
SARS-Cov-2_40,Adaptive-Mixed@25%-varint-v2,varint-v2,size_partial_sr,585044,0.558
SARS-Cov-2_40,Adaptive-Mixed@25%-varint-v2,varint-v2,size_partial_sr_varint,373459,0.356
SARS-Cov-2_40,Adaptive-Mixed@25%-varint-v2,varint-v2,size_partial_lp,376192,0.359
SARS-Cov-2_40,Adaptive-Mixed@25%-varint-v2,varint-v2,size_hybrid_m_phim1,1322759,1.261
SARS-Cov-2_40,Adaptive-Mixed@25%-varint-v2,varint-v2,serialized_index_file,7261282,6.925
SARS-Cov-2_40,Adaptive-Mixed@12.5%-raw,raw,size_index,7851717,7.488
SARS-Cov-2_40,Adaptive-Mixed@12.5%-raw,raw,size_r,2611336,2.490
SARS-Cov-2_40,Adaptive-Mixed@12.5%-raw,raw,size_partial_offsets,20488,0.020
SARS-Cov-2_40,Adaptive-Mixed@12.5%-raw,raw,size_partial_offsets_varint,5203,0.005
SARS-Cov-2_40,Adaptive-Mixed@12.5%-raw,raw,size_partial_copy_offsets,20488,0.020
SARS-Cov-2_40,Adaptive-Mixed@12.5%-raw,raw,size_partial_copy_offsets_varint,5143,0.005
SARS-Cov-2_40,Adaptive-Mixed@12.5%-raw,raw,size_partial_literal_offsets,20488,0.020
SARS-Cov-2_40,Adaptive-Mixed@12.5%-raw,raw,size_partial_literal_offsets_varint,5155,0.005
SARS-Cov-2_40,Adaptive-Mixed@12.5%-raw,raw,size_partial_block_ids,20484,0.020
SARS-Cov-2_40,Adaptive-Mixed@12.5%-raw,raw,size_partial_block_ids_varint,5155,0.005
SARS-Cov-2_40,Adaptive-Mixed@12.5%-raw,raw,size_partial_pt,131062,0.125
SARS-Cov-2_40,Adaptive-Mixed@12.5%-raw,raw,size_partial_pt_bitvector,16383,0.016
SARS-Cov-2_40,Adaptive-Mixed@12.5%-raw,raw,size_partial_cpl,169226,0.161
SARS-Cov-2_40,Adaptive-Mixed@12.5%-raw,raw,size_partial_cpl_varint,95084,0.091
SARS-Cov-2_40,Adaptive-Mixed@12.5%-raw,raw,size_partial_sr,338452,0.323
SARS-Cov-2_40,Adaptive-Mixed@12.5%-raw,raw,size_partial_sr_varint,208413,0.199
SARS-Cov-2_40,Adaptive-Mixed@12.5%-raw,raw,size_partial_lp,185796,0.177
SARS-Cov-2_40,Adaptive-Mixed@12.5%-raw,raw,size_hybrid_m_phim1,1322759,1.261
SARS-Cov-2_40,Adaptive-Mixed@12.5%-raw,raw,serialized_index_file,7142907,6.812
SARS-Cov-2_40,Adaptive-Mixed@12.5%-varint-v2,varint-v2,size_index,7851717,7.488
SARS-Cov-2_40,Adaptive-Mixed@12.5%-varint-v2,varint-v2,size_r,2611336,2.490
SARS-Cov-2_40,Adaptive-Mixed@12.5%-varint-v2,varint-v2,size_partial_offsets,20488,0.020
SARS-Cov-2_40,Adaptive-Mixed@12.5%-varint-v2,varint-v2,size_partial_offsets_varint,5203,0.005
SARS-Cov-2_40,Adaptive-Mixed@12.5%-varint-v2,varint-v2,size_partial_copy_offsets,20488,0.020
SARS-Cov-2_40,Adaptive-Mixed@12.5%-varint-v2,varint-v2,size_partial_copy_offsets_varint,5143,0.005
SARS-Cov-2_40,Adaptive-Mixed@12.5%-varint-v2,varint-v2,size_partial_literal_offsets,20488,0.020
SARS-Cov-2_40,Adaptive-Mixed@12.5%-varint-v2,varint-v2,size_partial_literal_offsets_varint,5155,0.005
SARS-Cov-2_40,Adaptive-Mixed@12.5%-varint-v2,varint-v2,size_partial_block_ids,20484,0.020
SARS-Cov-2_40,Adaptive-Mixed@12.5%-varint-v2,varint-v2,size_partial_block_ids_varint,5155,0.005
SARS-Cov-2_40,Adaptive-Mixed@12.5%-varint-v2,varint-v2,size_partial_pt,131062,0.125
SARS-Cov-2_40,Adaptive-Mixed@12.5%-varint-v2,varint-v2,size_partial_pt_bitvector,16383,0.016
SARS-Cov-2_40,Adaptive-Mixed@12.5%-varint-v2,varint-v2,size_partial_cpl,169226,0.161
SARS-Cov-2_40,Adaptive-Mixed@12.5%-varint-v2,varint-v2,size_partial_cpl_varint,95084,0.091
SARS-Cov-2_40,Adaptive-Mixed@12.5%-varint-v2,varint-v2,size_partial_sr,338452,0.323
SARS-Cov-2_40,Adaptive-Mixed@12.5%-varint-v2,varint-v2,size_partial_sr_varint,208413,0.199
SARS-Cov-2_40,Adaptive-Mixed@12.5%-varint-v2,varint-v2,size_partial_lp,185796,0.177
SARS-Cov-2_40,Adaptive-Mixed@12.5%-varint-v2,varint-v2,size_hybrid_m_phim1,1322759,1.261
SARS-Cov-2_40,Adaptive-Mixed@12.5%-varint-v2,varint-v2,serialized_index_file,6762817,6.450
world_leaders,Move-r,raw,size_index,13190400,12.579
world_leaders,Move-r,raw,serialized_index_file,14075223,13.423
world_leaders,Move-r-RLZ,raw,size_index,26597169,25.365
world_leaders,Move-r-RLZ,raw,size_r,11922784,11.370
world_leaders,Move-r-RLZ,raw,serialized_index_file,27481769,26.209
world_leaders,Move-r-LZEnd,raw,size_index,16344816,15.588
world_leaders,Move-r-LZEnd,raw,serialized_index_file,17228696,16.431
world_leaders,Adaptive-Mixed@25%-raw,raw,size_index,17906595,17.077
world_leaders,Adaptive-Mixed@25%-raw,raw,size_r,1703612,1.625
world_leaders,Adaptive-Mixed@25%-raw,raw,size_partial_offsets,45872,0.044
world_leaders,Adaptive-Mixed@25%-raw,raw,size_partial_offsets_varint,11468,0.011
world_leaders,Adaptive-Mixed@25%-raw,raw,size_partial_copy_offsets,45872,0.044
world_leaders,Adaptive-Mixed@25%-raw,raw,size_partial_copy_offsets_varint,11468,0.011
world_leaders,Adaptive-Mixed@25%-raw,raw,size_partial_literal_offsets,45872,0.044
world_leaders,Adaptive-Mixed@25%-raw,raw,size_partial_literal_offsets_varint,11468,0.011
world_leaders,Adaptive-Mixed@25%-raw,raw,size_partial_block_ids,45868,0.044
world_leaders,Adaptive-Mixed@25%-raw,raw,size_partial_block_ids_varint,11495,0.011
world_leaders,Adaptive-Mixed@25%-raw,raw,size_partial_pt,139164,0.133
world_leaders,Adaptive-Mixed@25%-raw,raw,size_partial_pt_bitvector,17396,0.017
world_leaders,Adaptive-Mixed@25%-raw,raw,size_partial_cpl,192328,0.183
world_leaders,Adaptive-Mixed@25%-raw,raw,size_partial_cpl_varint,118913,0.113
world_leaders,Adaptive-Mixed@25%-raw,raw,size_partial_sr,384656,0.367
world_leaders,Adaptive-Mixed@25%-raw,raw,size_partial_sr_varint,253876,0.242
world_leaders,Adaptive-Mixed@25%-raw,raw,size_partial_lp,172000,0.164
world_leaders,Adaptive-Mixed@25%-raw,raw,size_hybrid_m_phim1,5539457,5.283
world_leaders,Adaptive-Mixed@25%-raw,raw,serialized_index_file,17437297,16.630
world_leaders,Adaptive-Mixed@25%-varint-v2,varint-v2,size_index,17906595,17.077
world_leaders,Adaptive-Mixed@25%-varint-v2,varint-v2,size_r,1703612,1.625
world_leaders,Adaptive-Mixed@25%-varint-v2,varint-v2,size_partial_offsets,45872,0.044
world_leaders,Adaptive-Mixed@25%-varint-v2,varint-v2,size_partial_offsets_varint,11468,0.011
world_leaders,Adaptive-Mixed@25%-varint-v2,varint-v2,size_partial_copy_offsets,45872,0.044
world_leaders,Adaptive-Mixed@25%-varint-v2,varint-v2,size_partial_copy_offsets_varint,11468,0.011
world_leaders,Adaptive-Mixed@25%-varint-v2,varint-v2,size_partial_literal_offsets,45872,0.044
world_leaders,Adaptive-Mixed@25%-varint-v2,varint-v2,size_partial_literal_offsets_varint,11468,0.011
world_leaders,Adaptive-Mixed@25%-varint-v2,varint-v2,size_partial_block_ids,45868,0.044
world_leaders,Adaptive-Mixed@25%-varint-v2,varint-v2,size_partial_block_ids_varint,11495,0.011
world_leaders,Adaptive-Mixed@25%-varint-v2,varint-v2,size_partial_pt,139164,0.133
world_leaders,Adaptive-Mixed@25%-varint-v2,varint-v2,size_partial_pt_bitvector,17396,0.017
world_leaders,Adaptive-Mixed@25%-varint-v2,varint-v2,size_partial_cpl,192328,0.183
world_leaders,Adaptive-Mixed@25%-varint-v2,varint-v2,size_partial_cpl_varint,118913,0.113
world_leaders,Adaptive-Mixed@25%-varint-v2,varint-v2,size_partial_sr,384656,0.367
world_leaders,Adaptive-Mixed@25%-varint-v2,varint-v2,size_partial_sr_varint,253876,0.242
world_leaders,Adaptive-Mixed@25%-varint-v2,varint-v2,size_partial_lp,172000,0.164
world_leaders,Adaptive-Mixed@25%-varint-v2,varint-v2,size_hybrid_m_phim1,5539457,5.283
world_leaders,Adaptive-Mixed@25%-varint-v2,varint-v2,serialized_index_file,16973811,16.187
world_leaders,Adaptive-Mixed@12.5%-raw,raw,size_index,17232808,16.434
world_leaders,Adaptive-Mixed@12.5%-raw,raw,size_r,1556172,1.484
world_leaders,Adaptive-Mixed@12.5%-raw,raw,size_partial_offsets,22940,0.022
world_leaders,Adaptive-Mixed@12.5%-raw,raw,size_partial_offsets_varint,5735,0.005
world_leaders,Adaptive-Mixed@12.5%-raw,raw,size_partial_copy_offsets,22940,0.022
world_leaders,Adaptive-Mixed@12.5%-raw,raw,size_partial_copy_offsets_varint,5735,0.005
world_leaders,Adaptive-Mixed@12.5%-raw,raw,size_partial_literal_offsets,22940,0.022
world_leaders,Adaptive-Mixed@12.5%-raw,raw,size_partial_literal_offsets_varint,5735,0.005
world_leaders,Adaptive-Mixed@12.5%-raw,raw,size_partial_block_ids,22936,0.022
world_leaders,Adaptive-Mixed@12.5%-raw,raw,size_partial_block_ids_varint,5778,0.006
world_leaders,Adaptive-Mixed@12.5%-raw,raw,size_partial_pt,67373,0.064
world_leaders,Adaptive-Mixed@12.5%-raw,raw,size_partial_pt_bitvector,8422,0.008
world_leaders,Adaptive-Mixed@12.5%-raw,raw,size_partial_cpl,94194,0.090
world_leaders,Adaptive-Mixed@12.5%-raw,raw,size_partial_cpl_varint,58021,0.055
world_leaders,Adaptive-Mixed@12.5%-raw,raw,size_partial_sr,188388,0.180
world_leaders,Adaptive-Mixed@12.5%-raw,raw,size_partial_sr_varint,125349,0.120
world_leaders,Adaptive-Mixed@12.5%-raw,raw,size_partial_lp,81104,0.077
world_leaders,Adaptive-Mixed@12.5%-raw,raw,size_hybrid_m_phim1,5539457,5.283
world_leaders,Adaptive-Mixed@12.5%-raw,raw,serialized_index_file,16741040,15.965
world_leaders,Adaptive-Mixed@12.5%-varint-v2,varint-v2,size_index,17232808,16.434
world_leaders,Adaptive-Mixed@12.5%-varint-v2,varint-v2,size_r,1556172,1.484
world_leaders,Adaptive-Mixed@12.5%-varint-v2,varint-v2,size_partial_offsets,22940,0.022
world_leaders,Adaptive-Mixed@12.5%-varint-v2,varint-v2,size_partial_offsets_varint,5735,0.005
world_leaders,Adaptive-Mixed@12.5%-varint-v2,varint-v2,size_partial_copy_offsets,22940,0.022
world_leaders,Adaptive-Mixed@12.5%-varint-v2,varint-v2,size_partial_copy_offsets_varint,5735,0.005
world_leaders,Adaptive-Mixed@12.5%-varint-v2,varint-v2,size_partial_literal_offsets,22940,0.022
world_leaders,Adaptive-Mixed@12.5%-varint-v2,varint-v2,size_partial_literal_offsets_varint,5735,0.005
world_leaders,Adaptive-Mixed@12.5%-varint-v2,varint-v2,size_partial_block_ids,22936,0.022
world_leaders,Adaptive-Mixed@12.5%-varint-v2,varint-v2,size_partial_block_ids_varint,5778,0.006
world_leaders,Adaptive-Mixed@12.5%-varint-v2,varint-v2,size_partial_pt,67373,0.064
world_leaders,Adaptive-Mixed@12.5%-varint-v2,varint-v2,size_partial_pt_bitvector,8422,0.008
world_leaders,Adaptive-Mixed@12.5%-varint-v2,varint-v2,size_partial_cpl,94194,0.090
world_leaders,Adaptive-Mixed@12.5%-varint-v2,varint-v2,size_partial_cpl_varint,58021,0.055
world_leaders,Adaptive-Mixed@12.5%-varint-v2,varint-v2,size_partial_sr,188388,0.180
world_leaders,Adaptive-Mixed@12.5%-varint-v2,varint-v2,size_partial_sr_varint,125349,0.120
world_leaders,Adaptive-Mixed@12.5%-varint-v2,varint-v2,size_partial_lp,81104,0.077
world_leaders,Adaptive-Mixed@12.5%-varint-v2,varint-v2,size_hybrid_m_phim1,5539457,5.283
world_leaders,Adaptive-Mixed@12.5%-varint-v2,varint-v2,serialized_index_file,16514166,15.749
DNA,Move-r,raw,size_index,28378900,27.064
DNA,Move-r,raw,serialized_index_file,30318200,28.914
DNA,Move-r-RLZ,raw,size_index,200564699,191.273
DNA,Move-r-RLZ,raw,size_r,26771928,25.532
DNA,Move-r-RLZ,raw,serialized_index_file,202503776,193.123
DNA,Move-r-LZEnd,raw,size_index,56151245,53.550
DNA,Move-r-LZEnd,raw,serialized_index_file,58089602,55.399
DNA,Adaptive-Mixed@25%-raw,raw,size_index,144573291,137.876
DNA,Adaptive-Mixed@25%-raw,raw,size_r,14467016,13.797
DNA,Adaptive-Mixed@25%-raw,raw,size_partial_offsets,614400,0.586
DNA,Adaptive-Mixed@25%-raw,raw,size_partial_offsets_varint,154060,0.147
DNA,Adaptive-Mixed@25%-raw,raw,size_partial_copy_offsets,614400,0.586
DNA,Adaptive-Mixed@25%-raw,raw,size_partial_copy_offsets_varint,153600,0.146
DNA,Adaptive-Mixed@25%-raw,raw,size_partial_literal_offsets,614400,0.586
DNA,Adaptive-Mixed@25%-raw,raw,size_partial_literal_offsets_varint,153600,0.146
DNA,Adaptive-Mixed@25%-raw,raw,size_partial_block_ids,614396,0.586
DNA,Adaptive-Mixed@25%-raw,raw,size_partial_block_ids_varint,153613,0.146
DNA,Adaptive-Mixed@25%-raw,raw,size_partial_pt,7552776,7.203
DNA,Adaptive-Mixed@25%-raw,raw,size_partial_pt_bitvector,944097,0.900
DNA,Adaptive-Mixed@25%-raw,raw,size_partial_cpl,12414768,11.840
DNA,Adaptive-Mixed@25%-raw,raw,size_partial_cpl_varint,6352011,6.058
DNA,Adaptive-Mixed@25%-raw,raw,size_partial_sr,24829536,23.679
DNA,Adaptive-Mixed@25%-raw,raw,size_partial_sr_varint,20220777,19.284
DNA,Adaptive-Mixed@25%-raw,raw,size_partial_lp,5381568,5.132
DNA,Adaptive-Mixed@25%-raw,raw,size_hybrid_m_phim1,11587736,11.051
DNA,Adaptive-Mixed@25%-raw,raw,serialized_index_file,98711390,94.139
DNA,Adaptive-Mixed@25%-varint-v2,varint-v2,size_index,144573291,137.876
DNA,Adaptive-Mixed@25%-varint-v2,varint-v2,size_r,14467016,13.797
DNA,Adaptive-Mixed@25%-varint-v2,varint-v2,size_partial_offsets,614400,0.586
DNA,Adaptive-Mixed@25%-varint-v2,varint-v2,size_partial_offsets_varint,154060,0.147
DNA,Adaptive-Mixed@25%-varint-v2,varint-v2,size_partial_copy_offsets,614400,0.586
DNA,Adaptive-Mixed@25%-varint-v2,varint-v2,size_partial_copy_offsets_varint,153600,0.146
DNA,Adaptive-Mixed@25%-varint-v2,varint-v2,size_partial_literal_offsets,614400,0.586
DNA,Adaptive-Mixed@25%-varint-v2,varint-v2,size_partial_literal_offsets_varint,153600,0.146
DNA,Adaptive-Mixed@25%-varint-v2,varint-v2,size_partial_block_ids,614396,0.586
DNA,Adaptive-Mixed@25%-varint-v2,varint-v2,size_partial_block_ids_varint,153613,0.146
DNA,Adaptive-Mixed@25%-varint-v2,varint-v2,size_partial_pt,7552776,7.203
DNA,Adaptive-Mixed@25%-varint-v2,varint-v2,size_partial_pt_bitvector,944097,0.900
DNA,Adaptive-Mixed@25%-varint-v2,varint-v2,size_partial_cpl,12414768,11.840
DNA,Adaptive-Mixed@25%-varint-v2,varint-v2,size_partial_cpl_varint,6352011,6.058
DNA,Adaptive-Mixed@25%-varint-v2,varint-v2,size_partial_sr,24829536,23.679
DNA,Adaptive-Mixed@25%-varint-v2,varint-v2,size_partial_sr_varint,20220777,19.284
DNA,Adaptive-Mixed@25%-varint-v2,varint-v2,size_partial_lp,5381568,5.132
DNA,Adaptive-Mixed@25%-varint-v2,varint-v2,size_hybrid_m_phim1,11587736,11.051
DNA,Adaptive-Mixed@25%-varint-v2,varint-v2,serialized_index_file,79588534,75.902
DNA,Adaptive-Mixed@12.5%-raw,raw,size_index,118492113,113.003
DNA,Adaptive-Mixed@12.5%-raw,raw,size_r,14196612,13.539
DNA,Adaptive-Mixed@12.5%-raw,raw,size_partial_offsets,307204,0.293
DNA,Adaptive-Mixed@12.5%-raw,raw,size_partial_offsets_varint,77100,0.074
DNA,Adaptive-Mixed@12.5%-raw,raw,size_partial_copy_offsets,307204,0.293
DNA,Adaptive-Mixed@12.5%-raw,raw,size_partial_copy_offsets_varint,76801,0.073
DNA,Adaptive-Mixed@12.5%-raw,raw,size_partial_literal_offsets,307204,0.293
DNA,Adaptive-Mixed@12.5%-raw,raw,size_partial_literal_offsets_varint,76801,0.073
DNA,Adaptive-Mixed@12.5%-raw,raw,size_partial_block_ids,307200,0.293
DNA,Adaptive-Mixed@12.5%-raw,raw,size_partial_block_ids_varint,76844,0.073
DNA,Adaptive-Mixed@12.5%-raw,raw,size_partial_pt,3841544,3.664
DNA,Adaptive-Mixed@12.5%-raw,raw,size_partial_pt_bitvector,480193,0.458
DNA,Adaptive-Mixed@12.5%-raw,raw,size_partial_cpl,6294754,6.003
DNA,Adaptive-Mixed@12.5%-raw,raw,size_partial_cpl_varint,3219369,3.070
DNA,Adaptive-Mixed@12.5%-raw,raw,size_partial_sr,12589508,12.006
DNA,Adaptive-Mixed@12.5%-raw,raw,size_partial_sr_varint,10238848,9.765
DNA,Adaptive-Mixed@12.5%-raw,raw,size_partial_lp,2776668,2.648
DNA,Adaptive-Mixed@12.5%-raw,raw,size_hybrid_m_phim1,11587736,11.051
DNA,Adaptive-Mixed@12.5%-raw,raw,serialized_index_file,72536028,69.176
DNA,Adaptive-Mixed@12.5%-varint-v2,varint-v2,size_index,118492113,113.003
DNA,Adaptive-Mixed@12.5%-varint-v2,varint-v2,size_r,14196612,13.539
DNA,Adaptive-Mixed@12.5%-varint-v2,varint-v2,size_partial_offsets,307204,0.293
DNA,Adaptive-Mixed@12.5%-varint-v2,varint-v2,size_partial_offsets_varint,77100,0.074
DNA,Adaptive-Mixed@12.5%-varint-v2,varint-v2,size_partial_copy_offsets,307204,0.293
DNA,Adaptive-Mixed@12.5%-varint-v2,varint-v2,size_partial_copy_offsets_varint,76801,0.073
DNA,Adaptive-Mixed@12.5%-varint-v2,varint-v2,size_partial_literal_offsets,307204,0.293
DNA,Adaptive-Mixed@12.5%-varint-v2,varint-v2,size_partial_literal_offsets_varint,76801,0.073
DNA,Adaptive-Mixed@12.5%-varint-v2,varint-v2,size_partial_block_ids,307200,0.293
DNA,Adaptive-Mixed@12.5%-varint-v2,varint-v2,size_partial_block_ids_varint,76844,0.073
DNA,Adaptive-Mixed@12.5%-varint-v2,varint-v2,size_partial_pt,3841544,3.664
DNA,Adaptive-Mixed@12.5%-varint-v2,varint-v2,size_partial_pt_bitvector,480193,0.458
DNA,Adaptive-Mixed@12.5%-varint-v2,varint-v2,size_partial_cpl,6294754,6.003
DNA,Adaptive-Mixed@12.5%-varint-v2,varint-v2,size_partial_cpl_varint,3219369,3.070
DNA,Adaptive-Mixed@12.5%-varint-v2,varint-v2,size_partial_sr,12589508,12.006
DNA,Adaptive-Mixed@12.5%-varint-v2,varint-v2,size_partial_sr_varint,10238848,9.765
DNA,Adaptive-Mixed@12.5%-varint-v2,varint-v2,size_partial_lp,2776668,2.648
DNA,Adaptive-Mixed@12.5%-varint-v2,varint-v2,size_hybrid_m_phim1,11587736,11.051
DNA,Adaptive-Mixed@12.5%-varint-v2,varint-v2,serialized_index_file,62827428,59.917
